,City,Line Name,Fare Revenue($ for LRY in million),Operating Cost ($ for LRY in million),Farebox Recovery Rate,Total Length (miles),Rider fare ($ for 1 ride),Ridership (# per day),Age of Metro System (years),Yearly Income Per Capita ,Population (Areas Serviced by Metro System),Population Density,Vehicles Per Household,FIPS Place Codes,FIPS State Code,Vehicles Per Capita,TOD and Other Revenue
0,Baltimore,Baltimore Light RailLink,279,6073,4.59%,50.0,200,"14,435",34,39687.361,669809.0,5754.77,1.918,"['04000', '04050', '18250', '28075', '47125', '48875', '51587', '78050']",24.0,1.01957,80000000000
1,Buffalo,Buffalo Metro Rail,359,3198,11.23%,6.4,200,"8,900",41,31281.798,291813.0,6748.68,1.909,"['11000', ' 23701']",36.0,0.99311,0
2,Charlotte,LYNX Blue Line,1460,5856,24.93%,19.3,220,"17,057",27,50550.067,1036341.0,2614.41,2.163,"['12000', ' 33120', ' 14700', ' 16400', ' 41960', ' 52220']",37.0,0.99277,0
3,Cleveland,Blue Line,104,1299,8.01%,15.3,250,"2,533",45,31814.275,496101.0,4727.97,1.966,"['09288', ' 43918', ' 41664', ' 26446', ' 16000', ' 23380', ' 71682', ' 71932']",39.0,1.1369,3000000000
4,Dallas,"DART Rail (Red, Blue, Green, and Orange)",1475,26730,5.52%,119.0,300,"59,210",29,45780.138,2577202.0,3747.46,2.126,"['16612', '30644', '37000', '19000', '33824', '01240', '74492', '58016', '61796', '29000', '05372', '15796', '13024', '63572']",48.0,0.89085,90000000000
5,Denver,RTD Light Rail,882,16338,5.40%,60.1,275,"30,580",32,53405.536,2184723.0,3373.76,2.177,"['03455', '04000', '12815', '16495', '20000', '24785', '30340', '30835', '33035', '36410', '43000', '45255', '45955', '54330', '57630', '69645', '77290', '83835', '84440']",8.0,1.02767,120000000000
6,Houston,METRORail,271,10294,2.64%,22.7,125,35100,22,40578.291,2300419.0,3590.19,2.078,['35000'],48.0,0.91297,30000000
7,Jersey City,NJ Transit lines combined ,1140,13385,8.52%,17.0,255,"61,644",25,58626.182,484874.0,20984.77,1.802,"['03580', '32250', '36000', '74630', '52470']",34.0,0.87334,100000000000
8,Los Angeles,"Metro Rail (A, C, E, & K lines)",2157,62764,3.44%,121.2,175,"188,395",35,44774.369,5455781.0,7741.86,2.055,"['02462', '03386', '13756', '15044', '17568', '19990', '30014', '32548', '36056', '36546', '40886', '43000', '44000', '44574', '52526', '48648', '56000', '66070', '70000', '71806', '71876', '73220', '82422']",6.0,0.79131,330000000000
9,Minneapolis,Metro (Blue & Green lines),1311,10012,13.09%,23.0,225,"123,703",22,43426.255,627177.0,3956.43,2.098,"['01900', '06616', '07948', '08794', '20420', '54214', '55852', '58000']",27.0,0.98264,9800000000
10,Newark,Newark Light Rail,1141,13385,8.52%,6.2,180,"9,000",91,24791.567,307188.0,12723.16,1.663,['51000'],34.0,0.68848,100000000000
11,Norfolk,The Tide,88,1416,6.21%,7.4,200,"2,288",14,35378.62,235037.0,4411.77,2.119,['57000'],51.0,0.99479,0
12,Philadelphia,SEPTA,27,202,13.53%,78.0,290,"80,574",61,37501.649,1668597.0,11405.93,1.876,"['00676', '02896', '09696', '15232', '48480', '49504', '54656', '60000', '66144', '69752', '08568']",42.0,0.92969,11000000000
13,Phoenix,Valley Metro Rail,685,7513,9.12%,38.5,200,"29,148",16,39573.012,2318729.0,3311.9,2.167,"['73000', ' 55000', ' 46000']",4.0,0.87833,0
14,Pittsburgh,Pittsburgh Light Rail,284,8235,3.45%,26.2,275,"14,952",42,43185.97,353047.0,5084.71,2.014,"['06064', '11680', '19576', '61000']",42.0,1.14286,0
15,Portland,MAX Light Rail,1995,25118,7.94%,59.7,280,"58,643",39,51404.872,862583.0,4700.75,2.123,"['34100', '31250', '59000']",41.0,1.05839,58600000000
16,Sacramento,SacRT light rail,712,8844,8.05%,42.9,250,"22,100",39,43151.041,687598.0,4268.25,2.105,"['64000', '59444', '24638']",6.0,0.84348,12600000000
17,San Francisco,Muni Metro,1418,24083,5.89%,38.9,250,"104,640",46,88307.055,869204.0,16347.33,1.907,"['17946', ' 67000']",6.0,0.99686,6000000000
18,St Louis,Metrolink,667,10087,6.62%,46.0,250,"18,500",33,46639.179,167458.0,2088.42,2.122,,,1.04322,
19,Salt Lake City,TRAX,2983,6909,43.18%,44.8,250,"43,400",27,40830.878,589084.0,2771.83,2.155,"['19020', '49710', '67000', '67440', '82950', '83470']",49.0,0.81095,37700000000
20,San Diego,San Diego Trolley,1247,10518,11.85%,65.0,250,"116,698",45,47801.656,1994666.0,4623.88,2.154,"['21712', '36294', '13392', '40004', '41124', '66000', '50398', '70224']",6.0,0.83534,130000000000
21,San Jose,VTA light rail,2983,14197,21.01%,42.2,250,"14,500",39,65874.151,1193481.0,5697.89,2.121,"['10345', '68000', '49670', '47766']",6.0,0.70282,8000000000
22,Seattle,Link light rail,3937,32958,11.95%,62.25,300,"118,415",22,69285.732,1494893.0,5855.3,2.107,"['05210', '17635', '23515', '40840', '47490', '57535', '62288', '63000', '63960', '70000', '72625']",53.0,1.08331,155000000000
